query_text,discovered_keyword,enabled
site:job-boards.greenhouse.io China,China,1
site:job-boards.greenhouse.io APAC,APAC,1
site:job-boards.greenhouse.io "Asia Pacific",Asia Pacific,1
site:jobs.lever.co China,China,1
site:jobs.lever.co APAC,APAC,1
site:jobs.lever.co "Asia Pacific",Asia Pacific,1
site:jobs.ashbyhq.com China,China,1
site:jobs.ashbyhq.com APAC,APAC,1
site:jobs.smartrecruiters.com China,China,1
site:jobs.smartrecruiters.com APAC,APAC,1
site:recruitee.com China,China,1
site:recruitee.com APAC,APAC,1
site:recruitee.com "Asia Pacific",Asia Pacific,1
site:bamboohr.com/careers China,China,1
site:bamboohr.com/careers APAC,APAC,1
site:bamboohr.com/careers "Asia Pacific",Asia Pacific,1
site:breezy.hr China,China,1
site:breezy.hr APAC,APAC,1
site:breezy.hr "Asia Pacific",Asia Pacific,1
site:pinpointhq.com China,China,1
site:pinpointhq.com APAC,APAC,1
site:pinpointhq.com "Asia Pacific",Asia Pacific,1
site:ats.rippling.com China,China,1
site:ats.rippling.com APAC,APAC,1
site:ats.rippling.com "Asia Pacific",Asia Pacific,1
site:jibeapply.com/jobs China,China,1
site:jibeapply.com/jobs APAC,APAC,1
site:jibeapply.com/jobs "Asia Pacific",Asia Pacific,1
site:comeet.co/careers-api China,China,1
site:comeet.co/careers-api APAC,APAC,1
site:comeet.co/careers-api "Asia Pacific",Asia Pacific,1
